{
  "name": "humble desktop",
  "dockerFile": "Dockerfile",
  "runArgs": [
    "--privileged",
    "--network=host"
  ],
  "workspaceFolder": "/home/kthfs",
  "workspaceMount": "source=${localWorkspaceFolder},target=/home/kthfs,type=bind",
  "mounts": [
    "source=${localEnv:HOME}${localEnv:USERPROFILE}/.bash_history,target=/home/kthfs/.bash_history,type=bind"
  ],
  "features": {
    "ghcr.io/devcontainers/features/desktop-lite:1": {}
  },
  "forwardPorts": [5901, 6080],
  "portsAttributes": {
    // "6080": { "label": "Desktop (VNC)" },
    "5901": { "label": "Desktop (VNC)" }
  },
  // "postCreateCommand": "source /opt/ros/humble/setup.bash ",
  "remoteUser": "ubuntu"
  
}
